threshold,accuracy,balanced_accuracy,f1_macro,recall_safe,recall_unsafe
0.05,0.69853,0.5194905119709978,0.4478097425824984,0.9995921102467733,0.0393889136952223
0.055,0.69917,0.5205544313179179,0.44998613866522924,0.99951927279084,0.041589589844995854
0.06,0.69998,0.5219067748174607,0.45274575854049454,0.9994173003525333,0.04439624928238821
0.065,0.7005,0.522770667837894,0.4544964710606269,0.9993590303877866,0.04618230528800153
0.07,0.70123,0.5239867727254364,0.45695453023899624,0.9992716254406666,0.04870192001020603
0.075,0.70181,0.5249376841345708,0.4588527341323148,0.9992279229671066,0.05064744530203483
0.08,0.70239,0.5259232482758179,0.4608488620336062,0.9991259505287999,0.052720546022836004
0.085,0.70309,0.5270828491944674,0.4631578870115093,0.9990531130728666,0.05511258531606813
0.09,0.70385,0.528338131684846,0.465642298387675,0.9989802756169333,0.05769598775275882
0.095,0.70443,0.5293150326430651,0.46758631465871703,0.9988928706698132,0.0597371946163169
0.1,0.70524,0.530632723410495,0.47015228663819375,0.9988491681962532,0.06241627862473688
0.105,0.70591,0.5317618099093362,0.4723794583554303,0.9987471957579466,0.06477642406072591
0.11,0.70654,0.532818445510663,0.47445012810769727,0.9986597908108266,0.06697710021049946
0.115,0.7073,0.5340910543670981,0.4769309485576288,0.9985578183725199,0.06962429036167635
0.12,0.70796,0.5352041939373178,0.4790982318680473,0.9984558459342132,0.07195254194042228
0.125,0.70874,0.536552012566137,0.48173850441820754,0.9982810360399732,0.07482298909230083
0.13,0.70925,0.5375558959524567,0.4838001512793475,0.9979605512338665,0.07715124067104676
0.135,0.70991,0.5386950250717609,0.486008531646383,0.9978148763219998,0.07957517382152197
0.14,0.71062,0.539957204749314,0.4884739596866996,0.9975963639541998,0.08231804554442815
0.145,0.7114,0.5413223497441897,0.49110846620584736,0.9973924190775865,0.08525228041079289
0.15,0.71209,0.5425959514796407,0.493604830631056,0.9971010692538531,0.08809083370542833
0.155,0.71252,0.5434202803388187,0.49523538407683254,0.9968679893948664,0.08997257128277093
0.16,0.7133,0.5447940885167226,0.4978533973609216,0.9966494770270664,0.09293870000637877
0.165,0.714,0.5459883421674848,0.5000881491420319,0.9965183696063864,0.09545831472858328
0.17,0.7146,0.5471097583623138,0.5022515655663718,0.9962415872738397,0.09797792945078777
0.175,0.7153,0.548347327928217,0.5045776947914732,0.9960376423972264,0.10065701345920776
0.18,0.71593,0.5494732689937696,0.5066922133126407,0.995833697520613,0.10311284046692606
0.185,0.71661,0.550687607885458,0.5089607565520688,0.995615185152813,0.10576003061810295
0.19,0.71728,0.5519119893976095,0.5112552464351555,0.995352970311453,0.10847100848376602
0.195,0.71781,0.5530084089223697,0.5133829412629939,0.9949305130670396,0.11108630477769982
0.2,0.71834,0.5540095334338195,0.5152606103489099,0.9946682982256796,0.11335076864195956
0.205,0.71873,0.554839380042737,0.5168676088004573,0.9943186784371996,0.11536008164827455
0.21,0.71921,0.5557607699110791,0.5185894834741961,0.9940564635958395,0.11746507622631881
0.215,0.71984,0.5569213637087446,0.5207191181809867,0.9937942487544795,0.12004847866300951
0.22,0.72035,0.5579685630102053,0.5226959483794594,0.9934009264924395,0.12253619952797092
0.225,0.72089,0.5591069190126716,0.5248481156300644,0.9929347667744661,0.1252790712508771
0.23,0.7213,0.5600119753939733,0.5265703308624345,0.9925123095300528,0.12751164125789374
0.235,0.722,0.5612841976919895,0.5288467170138217,0.9922500946886927,0.13031830069528608
0.24,0.72245,0.5622097258726362,0.5305561973303092,0.9919004749002127,0.13251897684505964
0.245,0.72287,0.5630960764504465,0.5321967215110944,0.991536287620546,0.134655865280347
0.25,0.72331,0.5640836263497256,0.5340432453347487,0.991055560411386,0.13711169228806533
0.255,0.72395,0.5652515038929843,0.5360961692723152,0.9908079130612126,0.13969509472475602
0.26,0.72431,0.5660854888142064,0.5376497467153862,0.9903708883256126,0.14180008930280028
0.265,0.72474,0.5669964495036666,0.5393029253653011,0.9899921335547592,0.14400076545257384
0.27,0.72526,0.5680855852828334,0.5412634002280494,0.9895551088191592,0.14661606174650763
0.275,0.72564,0.5689514640612986,0.5428446692473551,0.9891180840835592,0.14878484403903808
0.28,0.72612,0.5699161698447818,0.5445459897796573,0.9887830317862658,0.15104930790329782
0.285,0.72647,0.5706822287392131,0.5459189711061551,0.9884334119977858,0.15293104548064043
0.29,0.72695,0.5717249031699503,0.5477752527803634,0.9879672522798124,0.15548255406008804
0.295,0.72744,0.5726882295159985,0.549441034424774,0.9876613349648924,0.15771512406710467
0.3,0.72773,0.5735145441332083,0.5509738679607041,0.9870495003350523,0.1599795879313644
0.305,0.72817,0.5745973890457978,0.5529195021873079,0.986408530722839,0.16278624736875677
0.31,0.72858,0.5755370981592124,0.5545745463556738,0.9859278035136789,0.1651463928047458
0.315,0.72865,0.5760818858109739,0.5556639199581975,0.9851994289543455,0.1669643426676022
0.32,0.72917,0.5771883479561972,0.557563193064289,0.9847332692363722,0.1696434266760222
0.325,0.72967,0.5782629162441774,0.5594011292723614,0.9842671095183987,0.17225872296995598
0.33,0.72986,0.5789037720260871,0.5605738672745975,0.9836989773621186,0.1741085666900555
0.335,0.73013,0.5796548768709128,0.5619058161656406,0.9831599801882119,0.17614977355361358
0.34,0.73052,0.5806060080422253,0.5635477925377186,0.9826064155231186,0.1786056005613319
0.345,0.73091,0.5815484760305095,0.5651630024460245,0.9820674183492119,0.1810295337118071
0.35,0.73131,0.5824809013983306,0.5667422270705877,0.9815721236488651,0.18338967914779614
0.355,0.73157,0.5832333856805912,0.5680535870811405,0.9810039914925851,0.1854627798685973
0.36,0.73215,0.584444192580572,0.5700415405734026,0.9805232642834251,0.18836512087771895
0.365,0.7325,0.5853055464883137,0.5714895718160342,0.9800134020918917,0.1905976908847356
0.37,0.73285,0.58619288994514,0.5729802578674351,0.9794598374267983,0.19292594246348152
0.375,0.73323,0.5872320323841694,0.5747343112995748,0.9787314628674649,0.19573260190087388
0.38,0.73347,0.588039254639469,0.5761224390371735,0.9780176557993182,0.19806085347961983
0.385,0.73358,0.5888037673002245,0.5774995164762502,0.9770270663986248,0.20058046820182432
0.39,0.73387,0.5897253769307448,0.5790536924386165,0.9762549893657314,0.20319576449575813
0.395,0.73411,0.5905499255521008,0.5804464363576403,0.9755120473152114,0.20558780378899025
0.4,0.7344,0.5914542088165645,0.581948844233487,0.9747691052646913,0.20813931236843783
0.405,0.73477,0.59253804660817,0.5837246480029622,0.9739387582670512,0.21113733494928877
0.41,0.73513,0.5935366320069282,0.5853391238176798,0.9732249511989045,0.21384831281495184
0.415,0.73517,0.5942588216315586,0.586613746151951,0.9721178218687178,0.21639982139439945
0.42,0.73531,0.5949672168818402,0.5878032467287648,0.9713020423622644,0.21863239140141608
0.425,0.73544,0.5957203074846978,0.5890686849941135,0.9703842904175043,0.2210563245518913
0.43,0.73553,0.5966002003996899,0.5905652429438938,0.9691460536666375,0.22405434713274222
0.435,0.7358,0.5976631798335312,0.5922808738479524,0.9680826268100108,0.22724373285705174
0.44,0.73608,0.5987421061959942,0.5940046875266246,0.967019199953384,0.23046501243860432
0.445,0.73629,0.5998306886205013,0.5957600394921425,0.9657518282201439,0.2339095490208586
0.45,0.73625,0.6005379241955261,0.5969645051098637,0.9644553215045305,0.23662052688652166
0.455,0.73638,0.6015595734722583,0.5986102006247928,0.9630859773329837,0.24003316961153282
0.46,0.7364,0.6024924383644356,0.6001360765449886,0.9615709582495703,0.24341391847930088
0.465,0.73666,0.6036867449811351,0.601980039723704,0.9602598840427702,0.2471136059194999
0.47,0.73683,0.6045989183117891,0.603386069018186,0.9591818896949568,0.25001594692862156
0.475,0.73685,0.6054538145567125,0.6047408288310789,0.9577979780322233,0.25310965108120176
0.48,0.73668,0.6062049723674754,0.6059812774692827,0.9560790140721965,0.25633093066275436
0.485,0.73698,0.6074197507835201,0.607779907517073,0.9548407773213298,0.2599987242457103
0.49,0.73706,0.6084742867965113,0.6093807111395322,0.9532820557643563,0.2636665178286662
0.495,0.73715,0.6096573911174907,0.6111555282645564,0.9515339568219561,0.26778082541302545
0.5,0.73703,0.6106182313167846,0.6126313918777677,0.9495964804941293,0.27163998213943996
0.505,0.73679,0.6114223611047327,0.6138858755515855,0.9476007342015558,0.27524398800790967
0.51,0.73643,0.6121130963964763,0.6149855692166678,0.9454738804883023,0.27875231230465014
0.515,0.73613,0.612899513259949,0.6161934564782395,0.9433470267750488,0.28245199974484914
0.52,0.73616,0.6140908942055379,0.6178922168729237,0.9414241179384086,0.286757670472667
0.525,0.73617,0.6152850340259964,0.6195761709728327,0.9394429391370218,0.291127128914971
0.53,0.73645,0.6167884563568418,0.621619018356122,0.9376657052122483,0.29591120750143524
0.535,0.73636,0.6180050537346774,0.6233021885000924,0.9353786090959415,0.3006314983734133
0.54,0.73609,0.6191165332409176,0.6248429013657208,0.9327855956647146,0.30544747081712065
0.545,0.73573,0.620327059514354,0.6264978753311075,0.9297846924802611,0.3108694265484468
0.55,0.73532,0.6217177466355289,0.6283571887467136,0.9263467645602075,0.3170887287108503
0.555,0.73502,0.6233531554357665,0.6304748189395643,0.9227922967106605,0.3239140141608726
0.56,0.73418,0.6244046519473435,0.6318481776741568,0.9187716691431401,0.33003763475154685
0.565,0.73378,0.6265996356527075,0.634551949686516,0.9140080995250998,0.3391911717803151
0.57,0.73265,0.6281849372825041,0.6364577976818251,0.9083122104711127,0.3480576640938955
0.575,0.73173,0.6301397771454661,0.6387106778838556,0.9025580514523789,0.3577215028385533
0.58,0.73054,0.6319672613416338,0.64072,0.8962940302421117,0.3676404924411558
0.585,0.72897,0.6336045950355369,0.6424057984279637,0.8893307694548844,0.3778784206161893
0.59,0.7272,0.6354947602368712,0.6442393064993005,0.8814060542493372,0.3895834662244052
0.595,0.72559,0.6369037057387521,0.6454932345740141,0.8747195757946566,0.3990878356828475
0.6,0.72365,0.6381415931002786,0.6464569723996888,0.8674358302013228,0.40884735599923455
0.605,0.72222,0.6397769410361499,0.6478058417288971,0.8608513241849489,0.4187025578873509
0.61,0.72028,0.6411707656921843,0.648761727930286,0.8533053637502549,0.4290361676341137
0.615,0.7182,0.642176732869981,0.6492623999971491,0.8460361856481077,0.43831728009185433
0.62,0.71665,0.6438026445059861,0.6503581565015822,0.8391457623168138,0.44845952669515854
0.625,0.71431,0.6446365606644127,0.6505212205039728,0.8314686944614399,0.4578044268673853
0.63,0.71243,0.6460654246109788,0.6512321047457641,0.8240247064650525,0.46810614275690504
0.635,0.70984,0.6466652680314027,0.6510153104807959,0.8160708562771319,0.4772596797856733
0.64,0.70721,0.6479896733929077,0.6512909453889958,0.8067913643912246,0.4891879823945908
0.645,0.70398,0.6489723490321231,0.6510326370781903,0.7964775806310637,0.5014671174331824
0.65,0.70032,0.6498237504544175,0.6504425134864628,0.7852314774349561,0.5144160234738789
0.655,0.69708,0.6510503746558578,0.6501605517999463,0.7744806689391953,0.5276200803725203
0.66,0.69336,0.6519273790688179,0.6493652200748562,0.7630306208664743,0.5408241372711615
0.665,0.68942,0.6528433942883738,0.6484068043499462,0.7509250356903534,0.5547617528863941
0.67,0.685,0.653063262398321,0.6467186155749612,0.7387029105847391,0.5674236142119028
0.675,0.68104,0.6534449191449971,0.6452371239334664,0.7274422398974448,0.5794475983925496
0.68,0.67733,0.6535841735631245,0.6436550816158804,0.717259563557964,0.5899087835682848
0.685,0.67366,0.6539171634411609,0.6421356428951918,0.7068583748506833,0.6009759520316387
0.69,0.66977,0.6538733313404388,0.640246834570021,0.6965008886169624,0.6112457740639153
0.695,0.66587,0.6535883095523616,0.6381735262052379,0.6865221571540949,0.6206544619506283
0.7,0.66225,0.6536025276542081,0.6363385292990323,0.6767910730414008,0.6304139822670154
0.705,0.65821,0.6534667657356423,0.6341572717582753,0.6661859394575066,0.6407475920137782
0.71,0.65402,0.6531870949010639,0.6317687141366776,0.6554205634705591,0.6509536263315685
0.715,0.64938,0.6525709923317571,0.6289220888365303,0.6440142178713982,0.6611277667921158
0.72,0.64437,0.6518413284700046,0.6257506051461859,0.6318066602569705,0.6718759966830389
0.725,0.63907,0.6507098459594249,0.6221771226018044,0.6194971302042362,0.6819225617146137
0.73,0.63329,0.6493153754906473,0.6181422017991307,0.6063426856626751,0.6922880653186196
0.735,0.6275,0.648052232204728,0.6140677701454826,0.5929405937709408,0.703163870638515
0.74,0.62167,0.6467339643873504,0.6098622625477508,0.5795239343880197,0.7139439943866811
0.745,0.61496,0.6446794319444492,0.6047503382394352,0.5649855781837252,0.7243732857051732
0.75,0.60721,0.6418414004107567,0.5985961462121938,0.5489759053695773,0.7347068954519359
0.755,0.59899,0.6388689492268544,0.5919543478829675,0.5319319406811759,0.745805957772533
0.76,0.59076,0.636097130690036,0.5852132183011002,0.5145237887131078,0.7576704726669643
0.765,0.58261,0.6333316030197951,0.578379447188253,0.49731958162165313,0.7693436244179371
0.77,0.57362,0.6302487889426733,0.5706493605366693,0.4783964105701716,0.7821011673151751
0.775,0.56545,0.62764195744181,0.5634734321023948,0.4608717186726102,0.7944121962110098
0.78,0.55635,0.6241844739402023,0.555198963047499,0.44228359991842203,0.8060853479619825
0.785,0.54759,0.6212431964626426,0.5470611536306003,0.4237391836377939,0.8187472092874912
0.79,0.53797,0.6174156213732097,0.5378331135166772,0.40437898785071236,0.8304522548957071
0.795,0.52917,0.6143325875339098,0.5291697490945593,0.3859656789907642,0.8426994960770555
0.8,0.51901,0.6097131837631392,0.5188891341254979,0.3664889432741893,0.8529374242520891
0.805,0.50839,0.6045768008514827,0.5078711481085348,0.3466480202779477,0.8625055814250175
0.81,0.49792,0.5998268959806289,0.49668275743260776,0.3265594499315328,0.873094342029725
0.815,0.48732,0.5952421979079083,0.48497899447429876,0.30584447746409116,0.8846399183517255
0.82,0.47679,0.5906391805901152,0.4729795892539466,0.2853480173644495,0.8959303438157811
0.825,0.4658,0.5857964059883393,0.46003587082586966,0.2640212102671678,0.9075716017095108
0.83,0.45362,0.5798529597191947,0.44532905178607307,0.24135419398071264,0.9183517254576768
0.835,0.4415,0.573779952263046,0.43021381914362905,0.21906593246511086,0.928493972060981
0.84,0.42982,0.5679754505148346,0.41509621971239674,0.19750604550884246,0.9384448555208267
0.845,0.41953,0.5625336506769806,0.4014735239282974,0.179063601666521,0.9460036996874402
0.85,0.41025,0.5574636554568684,0.38891051255707554,0.16270430906389302,0.9522230018498438
0.855,0.40098,0.5523143121520673,0.37606241253416206,0.1465052588643184,0.9581233654398162
0.86,0.393,0.5477060656095086,0.36482865169844403,0.13285551962241063,0.9625566115966065
0.865,0.38651,0.544321708088808,0.3552501845733102,0.12114325670832969,0.9675001594692862
0.87,0.37841,0.5395220984027906,0.34342610893742875,0.10749351746642194,0.9715506793391593
0.875,0.36992,0.5346030231161694,0.3306419223512539,0.09299886373568744,0.9762071824966512
0.88,0.36088,0.5293093313709992,0.31670632996546144,0.07765929551612621,0.9809593672258723
0.885,0.35272,0.5246479460550144,0.303680633197289,0.06361623401217842,0.9856796580978504
0.89,0.34471,0.5198012686999702,0.2908163326204434,0.05028697957637736,0.9893155578235632
0.895,0.33845,0.5159000458686874,0.28065501680643185,0.04006060076333654,0.9917394909740384
0.9,0.33439,0.513471299322515,0.2738549047687774,0.03325758237916266,0.9936850162658672
0.905,0.33053,0.5109803112955319,0.2675042418610306,0.02709553360720217,0.9948650889838617
0.91,0.3277,0.5092135595155777,0.2627368011095576,0.022477638901028465,0.995949480130127
0.915,0.32545,0.5077479804176418,0.25898522833207505,0.018908603560294845,0.9965873572749888
0.92,0.32346,0.506445789156048,0.2556535253587133,0.015762025463974594,0.9971295528481214
0.925,0.32213,0.5056069987375578,0.253379790680954,0.013606036768347755,0.9976079607067678
0.93,0.32107,0.504982195816144,0.25151020697928944,0.011814235352387611,0.9981501562799004
0.935,0.31999,0.5043081726714308,0.2496422202442442,0.010051568918800805,0.9985647764240607
0.94,0.31883,0.5035239004638016,0.24769995548596338,0.008259767502840661,0.9987880334247624
0.945,0.31771,0.5028120791536868,0.2457647662855867,0.006453398595693849,0.9991707597116796
0.95,0.31666,0.5021339176966688,0.24395742648524876,0.004778137109227049,0.9994896982841105
